SMILES,MW,HBA,HBD,LogP,lipinski_valid,Error,chemval,chem_violation
O=COC(C)(O)C,104.047344116,3,1,-0.11220000000000002,True,False,False,Geminal diol/triol
C=COC(C)(O)O,104.047344116,3,2,-0.19520000000000004,True,False,False,"Geminal diol/triol, Enol"
O=CCC(C)(O)O,104.047344116,3,2,-0.7238,True,False,False,Geminal diol/triol
OC=CC(C)(O)O,104.047344116,3,3,-0.24110000000000004,True,False,False,"Geminal diol/triol, Enol"
C=CCC(O)(O)O,104.047344116,3,3,-0.8068,True,False,False,Geminal diol/triol
CC=CC(O)(O)O,104.047344116,3,3,-0.8068,True,False,False,Geminal diol/triol
OC(=O)C(C)(O)C,104.047344116,2,2,-0.15810000000000013,True,False,True,
CC(=O)C(C)(O)O,104.047344116,3,2,-0.7238,True,False,False,Geminal diol/triol
C=C(O)C(C)(O)O,104.047344116,3,3,-0.24110000000000004,True,False,False,"Geminal diol/triol, Enol"
CC(=C)C(O)(O)O,104.047344116,3,3,-0.8068,True,False,False,Geminal diol/triol
CC(O)OC(=O)C,104.047344116,3,1,-0.11220000000000013,True,False,False,Geminal diol/triol
CC(O)OC(O)=C,104.047344116,3,2,0.37049999999999994,True,False,False,"Geminal diol/triol, Enol"
CC(C)OC(=O)O,104.047344116,2,1,1.0894,True,False,False,Geminal diol/triol
CC(=C)OC(O)O,104.047344116,3,2,-0.19519999999999998,True,False,False,"Geminal diol/triol, Enol"
CC(O)CC(=O)O,104.047344116,2,2,-0.15809999999999996,True,False,True,
CC(O)C=C(O)O,104.047344116,3,3,0.32459999999999994,True,False,False,"Geminal diol/triol, Enol"
CC(=O)CC(O)O,104.047344116,3,2,-0.7238,True,False,False,Geminal diol/triol
C=C(O)CC(O)O,104.047344116,3,3,-0.24110000000000004,True,False,False,"Geminal diol/triol, Enol"
CC(O)=CC(O)O,104.047344116,3,3,-0.24110000000000004,True,False,False,"Geminal diol/triol, Enol"
OC1OC(O1)(C)C,104.04734411599999,3,1,0.04519999999999991,True,False,False,Geminal diol/triol
CC1OC(O1)(O)C,104.047344116,3,1,0.04519999999999996,True,False,False,Geminal diol/triol
OC1OC(C1)(O)C,104.047344116,3,2,-0.5664,True,False,False,Geminal diol/triol
CC1OC(C1)(O)O,104.047344116,3,2,-0.5664,True,False,False,Geminal diol/triol
OC1CC(C1)(O)O,104.047344116,3,3,-1.1780000000000002,True,False,False,Geminal diol/triol
CC1(O)C(O1)(O)C,104.047344116,3,2,-0.5664,True,False,False,Geminal diol/triol
CC1(C)C(O1)(O)O,104.047344116,3,2,-0.5664,True,False,False,Geminal diol/triol
CC1(O)C(C1)(O)O,104.047344116,3,3,-1.1780000000000002,True,False,False,Geminal diol/triol
OC(C=C)(O)OC,104.047344116,3,2,-0.5428000000000002,True,False,False,Geminal diol/triol
CC(OC)(O)C=O,104.047344116,3,1,-0.4598,True,False,False,Geminal diol/triol
CC(C=C)(O)OO,104.047344116,3,2,0.37049999999999994,True,False,False,Geminal diol/triol
OC(CC)(O)C=O,104.047344116,3,2,-0.7238000000000002,True,False,False,Geminal diol/triol
OC(C=C)(O)CO,104.047344116,3,3,-1.1544,True,False,False,Geminal diol/triol
CC(C=O)(C)OO,104.047344116,3,1,0.45349999999999996,True,False,True,
CC(CO)(O)C=O,104.047344116,3,2,-1.0714000000000001,True,False,True,
CC(=O)OCOC,104.047344116,3,0,0.15339999999999998,True,False,False,Geminal diol/triol
C=C(O)OCOC,104.047344116,3,1,0.6360999999999999,True,False,False,"Geminal diol/triol, Enol"
OC(=O)CCOC,104.047344116,2,1,0.10750000000000015,True,False,True,
OC(O)=CCOC,104.047344116,3,2,0.5902,True,False,False,"Geminal diol/triol, Enol"
OC(O)C=COC,104.047344116,3,2,-0.5428000000000002,True,False,False,"Geminal diol/triol, Enol"
OC(=O)OCCC,104.04734411599999,2,1,1.091,True,False,False,Geminal diol/triol
OC(O)OC=CC,104.04734411599999,3,2,-0.19520000000000004,True,False,False,"Geminal diol/triol, Enol"
OC(O)OCC=C,104.04734411599999,3,2,-0.5428000000000002,True,False,False,Geminal diol/triol
CC(=C)OCOO,104.047344116,3,1,0.9837,True,False,False,"Geminal diol/triol, Enol"
CC(=O)CCOO,104.047344116,3,1,0.4551,True,False,True,
C=C(O)CCOO,104.047344116,3,2,0.9378,True,False,False,Enol
CC(O)=CCOO,104.047344116,3,2,0.9378,True,False,False,Enol
CC(O)C=COO,104.047344116,3,2,0.37049999999999994,True,False,False,Enol
CC(=O)OCCO,104.047344116,3,1,-0.4581999999999999,True,False,True,
C=C(O)OCCO,104.047344116,3,2,0.024499999999999966,True,False,False,"Geminal diol/triol, Enol"
CC(O)OC=CO,104.047344116,3,2,0.37049999999999994,True,False,False,"Geminal diol/triol, Enol"
CC(O)OCC=O,104.047344116,3,1,-0.4598,True,False,False,Geminal diol/triol
OC(=O)CCCO,104.047344116,2,2,-0.15650000000000003,True,False,True,
OC(O)=CCCO,104.047344116,3,3,0.3262,True,False,False,"Geminal diol/triol, Enol"
OC(O)C=CCO,104.047344116,3,3,-1.1544,True,False,False,Geminal diol/triol
OC(O)CC=CO,104.047344116,3,3,-0.24110000000000015,True,False,False,"Geminal diol/triol, Enol"
OC(O)CCC=O,104.047344116,3,2,-0.7238000000000002,True,False,False,Geminal diol/triol
CC(=C)OOOC,104.047344116,3,0,1.0295999999999998,True,False,False,Enol
CC(=O)COOC,104.047344116,3,0,0.15339999999999998,True,False,True,
C=C(O)COOC,104.047344116,3,1,0.6360999999999999,True,False,False,Enol
CC(O)=COOC,104.047344116,3,1,0.9837,True,False,False,Enol
CC(=O)OOCC,104.047344116,3,0,0.501,True,False,True,
C=C(O)OOCC,104.047344116,3,1,0.9837,True,False,False,"Geminal diol/triol, Enol"
CC(O)OOC=C,104.047344116,3,1,0.41639999999999994,True,False,False,"Geminal diol/triol, Enol"
OC(=O)COCC,104.04734411599999,2,1,0.10750000000000015,True,False,True,
OC(O)=COCC,104.04734411599999,3,2,0.9378,True,False,False,"Geminal diol/triol, Enol"
OC(O)COC=C,104.04734411599999,3,2,-0.5428000000000002,True,False,False,"Geminal diol/triol, Enol"
CC(=C)COOO,104.047344116,3,1,0.9837,True,False,True,
CC(C)=COOO,104.047344116,3,1,1.3313000000000001,True,False,False,Enol
CC(=C)OOCO,104.047344116,3,1,0.418,True,False,False,"Geminal diol/triol, Enol"
CC(C)OOC=O,104.047344116,3,0,0.4994,True,False,True,
CC(=O)COCO,104.047344116,3,1,-0.4581999999999999,True,False,False,Geminal diol/triol
C=C(O)COCO,104.047344116,3,2,0.024499999999999966,True,False,False,"Geminal diol/triol, Enol"
CC(O)=COCO,104.047344116,3,2,0.37209999999999993,True,False,False,"Geminal diol/triol, Enol"
CC(O)COC=O,104.047344116,3,1,-0.4598,True,False,True,
OC1(O)OCC1C,104.04734411599999,3,2,-0.7089000000000001,True,False,False,Geminal diol/triol
CC1(O)OCC1O,104.047344116,3,2,-0.9140000000000001,True,False,False,Geminal diol/triol
OC1(O)CCC1O,104.047344116,3,3,-1.1780000000000002,True,False,False,Geminal diol/triol
CC1(O)OOC1C,104.047344116,3,1,0.04519999999999996,True,False,False,Geminal diol/triol
OC1(O)COC1C,104.04734411599999,3,2,-0.9140000000000001,True,False,False,Geminal diol/triol
CC1(C)OOC1O,104.047344116,3,1,0.04519999999999996,True,False,False,Geminal diol/triol
CC1(O)COC1O,104.047344116,3,2,-0.9140000000000001,True,False,False,Geminal diol/triol
OCC1C(O)(O)C1,104.047344116,3,3,-1.3205000000000002,True,False,False,Geminal diol/triol
OCC1C(C)(O)O1,104.047344116,3,2,-0.9140000000000001,True,False,False,Geminal diol/triol
CCC1C(O)(O)O1,104.047344116,3,2,-0.5664,True,False,False,Geminal diol/triol
OOC1C(C)(O)C1,104.047344116,3,2,-0.0007000000000000339,True,False,True,
COC1C(O)(O)C1,104.047344116,3,2,-0.9140000000000001,True,False,False,Geminal diol/triol
OOC1C(C)(C)O1,104.047344116,3,1,0.6109,True,False,False,Geminal diol/triol
COC1C(C)(O)O1,104.047344116,3,1,-0.30239999999999995,True,False,False,Geminal diol/triol
CC1(O)OCCO1,104.047344116,3,1,-0.30079999999999996,True,False,False,Geminal diol/triol
OC1(O)OCCC1,104.04734411599999,3,2,-0.5648000000000002,True,False,False,Geminal diol/triol
CC1(O)COOC1,104.047344116,3,1,-0.30079999999999996,True,False,True,
CC1(O)CCOO1,104.047344116,3,1,0.04680000000000001,True,False,False,Geminal diol/triol
OC1(O)CCOC1,104.047344116,3,2,-0.9124000000000001,True,False,False,Geminal diol/triol
CC1(C)OOOC1,104.047344116,3,0,0.6584,True,False,True,
CC1(C)OCOO1,104.047344116,3,0,0.6584,True,False,False,Geminal diol/triol
CC1(O)OCOC1,104.047344116,3,1,-0.30079999999999996,True,False,False,Geminal diol/triol
OC1C(C1O)(O)C,104.047344116,3,3,-1.5272000000000003,True,False,True,
CC1C(C1O)(O)O,104.047344116,3,3,-1.3221,True,False,False,Geminal diol/triol
OCOC(=C)OC,104.047344116,3,1,0.07040000000000002,True,False,False,"Geminal diol/triol, Enol"
O=COC(C)OC,104.047344116,3,0,0.15179999999999993,True,False,False,Geminal diol/triol
CCOC(=O)OC,104.047344116,3,0,0.7893000000000001,True,False,False,Geminal diol/triol
C=COC(O)OC,104.047344116,3,1,0.06879999999999992,True,False,False,"Geminal diol/triol, Enol"
OCCC(=O)OC,104.047344116,3,1,-0.45820000000000016,True,False,True,
OCC=C(O)OC,104.047344116,3,2,0.02449999999999991,True,False,False,"Geminal diol/triol, Enol"
O=CCC(O)OC,104.047344116,3,1,-0.4598,True,False,False,Geminal diol/triol
OC=CC(O)OC,104.047344116,3,2,0.02289999999999992,True,False,False,"Geminal diol/triol, Enol"
OCOC(=O)CC,104.04734411599999,3,1,-0.11060000000000003,True,False,False,Geminal diol/triol
OCOC(O)=CC,104.04734411599999,3,2,0.37210000000000004,True,False,False,"Geminal diol/triol, Enol"
O=COC(O)CC,104.04734411599999,3,1,-0.11220000000000008,True,False,False,Geminal diol/triol
OCOC(O)C=C,104.04734411599999,3,2,-0.5428000000000002,True,False,False,Geminal diol/triol
CCOC(=C)OO,104.047344116,3,1,0.9837,True,False,False,"Geminal diol/triol, Enol"
C=COC(C)OO,104.047344116,3,1,0.9821,True,False,False,"Geminal diol/triol, Enol"
OCCC(=C)OO,104.047344116,3,2,0.37209999999999993,True,False,False,Enol
OCC=C(C)OO,104.047344116,3,2,0.37210000000000004,True,False,False,Enol
O=CCC(C)OO,104.047344116,3,1,0.45349999999999996,True,False,True,
OC=CC(C)OO,104.047344116,3,2,0.9361999999999999,True,False,False,Enol
OCOC(=C)CO,104.047344116,3,2,-0.5412000000000001,True,False,False,"Geminal diol/triol, Enol"
OCOC(C)=CO,104.047344116,3,2,0.37210000000000004,True,False,False,"Geminal diol/triol, Enol"
O=COC(C)CO,104.047344116,3,1,-0.45980000000000015,True,False,True,
OCOC(C)C=O,104.047344116,3,1,-0.4598,True,False,False,Geminal diol/triol
CCCC(=O)OO,104.047344116,3,1,0.8027,True,False,True,
CCC=C(O)OO,104.047344116,3,2,1.2854,True,False,False,"Geminal diol/triol, Enol"
C=CCC(O)OO,104.047344116,3,2,0.37049999999999994,True,False,False,Geminal diol/triol
CC=CC(O)OO,104.047344116,3,2,0.3705,True,False,False,Geminal diol/triol
CCOC(=O)CO,104.047344116,3,1,-0.4581999999999999,True,False,True,
CCOC(O)=CO,104.047344116,3,2,0.9378,True,False,False,"Geminal diol/triol, Enol"
C=COC(O)CO,104.047344116,3,2,-0.5428000000000002,True,False,False,"Geminal diol/triol, Enol"
CCOC(O)C=O,104.047344116,3,1,-0.4598,True,False,False,Geminal diol/triol
OCCC(=O)CO,104.047344116,3,2,-1.0698000000000003,True,False,True,
OCC=C(O)CO,104.047344116,3,3,-0.5871,True,False,False,Enol
OCCC(O)=CO,104.047344116,3,3,0.32619999999999993,True,False,False,Enol
O=CCC(O)CO,104.047344116,3,2,-1.0714000000000001,True,False,True,
OC=CC(O)CO,104.047344116,3,3,-0.5887000000000002,True,False,False,Enol
OCCC(O)C=O,104.047344116,3,2,-1.0714000000000001,True,False,True,
COOC(=C)OC,104.047344116,3,0,0.6819999999999999,True,False,False,"Geminal diol/triol, Enol"
OOCC(=C)OC,104.047344116,3,1,0.6360999999999999,True,False,False,Enol
OOC=C(C)OC,104.047344116,3,1,0.9837,True,False,False,Enol
OOOC(=C)CC,104.04734411599999,3,1,1.3313,True,False,False,Enol
OOOC(C)=CC,104.04734411599999,3,1,1.3313,True,False,False,Enol
OOOC(C)C=C,104.04734411599999,3,1,0.9821,True,False,True,
COCC(=O)OC,104.047344116,3,0,-0.19419999999999993,True,False,True,
COC=C(O)OC,104.047344116,3,1,0.6360999999999999,True,False,False,"Geminal diol/triol, Enol"
COOC(=O)CC,104.04734411599999,3,0,0.5009999999999999,True,False,True,
COOC(O)=CC,104.04734411599999,3,1,0.9837,True,False,False,"Geminal diol/triol, Enol"
COOC(O)C=C,104.04734411599999,3,1,0.06880000000000003,True,False,False,Geminal diol/triol
OOCC(=O)CC,104.04734411599999,3,1,0.4551,True,False,True,
OOC=C(O)CC,104.04734411599999,3,2,1.2853999999999999,True,False,False,Enol
OOCC(O)=CC,104.04734411599999,3,2,0.9378,True,False,False,Enol
OOCC(O)C=C,104.04734411599999,3,2,0.02289999999999992,True,False,True,
COCC(=C)OO,104.047344116,3,1,0.6361000000000001,True,False,False,Enol
COC=C(C)OO,104.047344116,3,1,0.9837,True,False,False,Enol
COOC(=C)CO,104.047344116,3,1,0.07039999999999996,True,False,False,Enol
COOC(C)=CO,104.047344116,3,1,0.9837,True,False,False,Enol
COOC(C)C=O,104.047344116,3,0,0.15179999999999993,True,False,True,
OOCC(=C)CO,104.047344116,3,2,0.024499999999999966,True,False,True,
OOC=C(C)CO,104.047344116,3,2,0.37209999999999993,True,False,False,Enol
OOCC(C)=CO,104.047344116,3,2,0.9378,True,False,False,Enol
OOCC(C)C=O,104.047344116,3,1,0.31099999999999994,True,False,True,
COCC(=O)CO,104.047344116,3,1,-0.8057999999999998,True,False,True,
COC=C(O)CO,104.047344116,3,2,0.024499999999999966,True,False,False,Enol
COCC(O)=CO,104.047344116,3,2,0.5902000000000001,True,False,False,Enol
COCC(O)C=O,104.047344116,3,1,-0.8074000000000001,True,False,True,
OC(O)=C(C)OC,104.047344116,3,2,0.9378,True,False,False,"Geminal diol/triol, Enol"
OC(O)C(=C)OC,104.047344116,3,2,-0.5428000000000002,True,False,False,"Geminal diol/triol, Enol"
OC(=O)C(C)OC,104.047344116,2,1,0.1059000000000001,True,False,True,
CC(O)=C(O)OC,104.047344116,3,2,0.9378,True,False,False,"Geminal diol/triol, Enol"
CC(O)C(=O)OC,104.047344116,3,1,-0.4598000000000002,True,False,True,
CC(=O)C(O)OC,104.047344116,3,1,-0.4598,True,False,False,Geminal diol/triol
C=C(O)C(O)OC,104.047344116,3,2,0.02289999999999992,True,False,False,"Geminal diol/triol, Enol"
OC(O)=C(O)CC,104.04734411599999,3,3,1.2395,True,False,False,"Geminal diol/triol, Enol"
OC(O)C(=O)CC,104.04734411599999,3,2,-0.7238,True,False,False,Geminal diol/triol
OC(O)C(O)=CC,104.04734411599999,3,3,-0.2411000000000001,True,False,False,"Geminal diol/triol, Enol"
OC(=O)C(O)CC,104.04734411599999,2,2,-0.15810000000000013,True,False,True,
OC(O)C(O)C=C,104.04734411599999,3,3,-1.1560000000000004,True,False,False,Geminal diol/triol
CC(O)=C(C)OO,104.047344116,3,2,1.2854,True,False,False,Enol
CC(O)C(=C)OO,104.047344116,3,2,0.37049999999999994,True,False,False,Enol
CC(=O)C(C)OO,104.047344116,3,1,0.45349999999999996,True,False,True,
C=C(O)C(C)OO,104.047344116,3,2,0.9361999999999999,True,False,False,Enol
OC(O)=C(C)CO,104.047344116,3,3,0.3262,True,False,False,"Geminal diol/triol, Enol"
OC(O)C(=C)CO,104.047344116,3,3,-1.1544,True,False,False,Geminal diol/triol
OC(O)C(C)=CO,104.047344116,3,3,-0.24110000000000015,True,False,False,"Geminal diol/triol, Enol"
OC(=O)C(C)CO,104.047344116,2,2,-0.3005999999999999,True,False,True,
OC(O)C(C)C=O,104.047344116,3,2,-0.8679000000000001,True,False,False,Geminal diol/triol
CC(C)=C(O)OO,104.047344116,3,2,1.2854,True,False,False,"Geminal diol/triol, Enol"
CC(C)C(=O)OO,104.047344116,3,1,0.6586000000000001,True,False,True,
CC(=C)C(O)OO,104.047344116,3,2,0.3705,True,False,False,Geminal diol/triol
CC(O)=C(O)CO,104.047344116,3,3,0.3262,True,False,False,Enol
CC(O)C(=O)CO,104.047344116,3,2,-1.0714000000000001,True,False,True,
CC(O)C(O)=CO,104.047344116,3,3,0.32459999999999994,True,False,False,Enol
CC(=O)C(O)CO,104.047344116,3,2,-1.0714000000000001,True,False,True,
C=C(O)C(O)CO,104.047344116,3,3,-0.5887,True,False,False,Enol
CC(O)C(O)C=O,104.047344116,3,2,-1.0730000000000002,True,False,True,
CC1(OC)OCO1,104.047344116,3,0,0.31079999999999997,True,False,False,Geminal diol/triol
OC1(OC)OCC1,104.04734411599999,3,1,-0.30079999999999996,True,False,False,Geminal diol/triol
OC1(CC)OCO1,104.047344116,3,1,0.04679999999999995,True,False,False,Geminal diol/triol
CC1(OO)OCC1,104.047344116,3,1,0.6125,True,False,False,Geminal diol/triol
CC1(CO)OCO1,104.047344116,3,1,-0.30079999999999996,True,False,False,Geminal diol/triol
OC1(OO)CCC1,104.04734411599999,3,2,0.3485,True,False,False,Geminal diol/triol
OC1(CO)OCC1,104.047344116,3,2,-0.9123999999999999,True,False,False,Geminal diol/triol
CC1(OC)OOC1,104.047344116,3,0,0.31079999999999997,True,False,False,Geminal diol/triol
CC1(CC)OOO1,104.047344116,3,0,1.006,True,False,False,Geminal diol/triol
OC1(OC)COC1,104.047344116,3,1,-0.6484000000000001,True,False,False,Geminal diol/triol
OC1(CC)OOC1,104.047344116,3,1,0.04679999999999995,True,False,False,Geminal diol/triol
CC1(OO)COC1,104.047344116,3,1,0.26489999999999997,True,False,True,
CC1(CO)OOC1,104.047344116,3,1,-0.30079999999999996,True,False,True,
OC1(CO)COC1,104.047344116,3,2,-1.26,True,False,True,
OCOC1(O)CC1,104.04734411599999,3,2,-0.5648000000000002,True,False,False,Geminal diol/triol
CCOC1(C)OO1,104.047344116,3,0,0.6584,True,False,False,Geminal diol/triol
OCCC1(C)OO1,104.047344116,3,1,0.04679999999999995,True,False,False,Geminal diol/triol
OCOC1(C)OC1,104.047344116,3,1,-0.30079999999999996,True,False,False,Geminal diol/triol
CCCC1(O)OO1,104.047344116,3,1,0.3943999999999999,True,False,False,Geminal diol/triol
CCOC1(O)OC1,104.047344116,3,1,-0.30079999999999996,True,False,False,Geminal diol/triol
OCCC1(O)OC1,104.047344116,3,2,-0.9124000000000001,True,False,False,Geminal diol/triol
OOOC1(C)CC1,104.04734411599999,3,1,0.9601,True,False,True,
COOC1(O)CC1,104.04734411599999,3,1,0.04680000000000001,True,False,False,Geminal diol/triol
OOCC1(O)CC1,104.04734411599999,3,2,0.0008999999999999009,True,False,True,
COCC1(C)OO1,104.047344116,3,0,0.3108000000000001,True,False,False,Geminal diol/triol
COOC1(C)OC1,104.047344116,3,0,0.31079999999999997,True,False,False,Geminal diol/triol
OOCC1(C)OC1,104.047344116,3,1,0.2648999999999999,True,False,True,
COCC1(O)OC1,104.047344116,3,1,-0.6483999999999999,True,False,False,Geminal diol/triol
OC1C(OC)(C)O1,104.047344116,3,1,-0.3024,True,False,False,Geminal diol/triol
CC1C(OC)(O)O1,104.047344116,3,1,-0.30240000000000006,True,False,False,Geminal diol/triol
OC1C(OC)(O)C1,104.047344116,3,2,-0.9140000000000001,True,False,False,Geminal diol/triol
OC1C(CC)(O)O1,104.047344116,3,2,-0.5664,True,False,False,Geminal diol/triol
CC1C(OO)(C)O1,104.047344116,3,1,0.6109,True,False,False,Geminal diol/triol
OC1C(OO)(C)C1,104.047344116,3,2,-0.0006999999999999229,True,False,True,
OC1C(CO)(C)O1,104.047344116,3,2,-0.9140000000000001,True,False,False,Geminal diol/triol
CC1C(OO)(O)C1,104.047344116,3,2,0.20440000000000003,True,False,False,Geminal diol/triol
CC1C(CO)(O)O1,104.047344116,3,2,-0.9140000000000001,True,False,False,Geminal diol/triol
OC1C(CO)(O)C1,104.047344116,3,3,-1.5256,True,False,True,
OC(O)C1(O)CC1,104.04734411599999,3,3,-1.1780000000000004,True,False,False,Geminal diol/triol
CC(O)C1(C)OO1,104.047344116,3,1,0.04519999999999996,True,False,False,Geminal diol/triol
OC(O)C1(C)OC1,104.047344116,3,2,-0.9140000000000001,True,False,False,Geminal diol/triol
CC(C)C1(O)OO1,104.047344116,3,1,0.2503,True,False,False,Geminal diol/triol
CC(O)C1(O)OC1,104.047344116,3,2,-0.9140000000000001,True,False,False,Geminal diol/triol
OC(C1CC1)(O)O,104.047344116,3,3,-0.9729000000000001,True,False,False,Geminal diol/triol
CC(C1OC1)(O)O,104.047344116,3,2,-0.9140000000000001,True,False,False,Geminal diol/triol
CC(C1OO1)(O)C,104.047344116,3,1,0.04519999999999996,True,False,False,Geminal diol/triol
OC1OC(O)CC1,104.04734411599999,3,2,-0.5664,True,False,False,Geminal diol/triol
CC1OC(C)OO1,104.047344116,3,0,0.6567999999999999,True,False,False,Geminal diol/triol
OC1OC(C)OC1,104.047344116,3,1,-0.3024,True,False,False,Geminal diol/triol
CC1CC(O)OO1,104.047344116,3,1,0.04519999999999996,True,False,False,Geminal diol/triol
CC1OC(O)OC1,104.047344116,3,1,-0.3024,True,False,False,Geminal diol/triol
OC1CC(O)OC1,104.047344116,3,2,-0.9140000000000001,True,False,False,Geminal diol/triol
CC1OC(OC)O1,104.047344116,3,0,0.3091999999999999,True,False,False,Geminal diol/triol
OC1OC(OC)C1,104.04734411599999,3,1,-0.3024,True,False,False,Geminal diol/triol
OC1OC(CC)O1,104.047344116,3,1,0.04519999999999991,True,False,False,Geminal diol/triol
CC1OC(OO)C1,104.047344116,3,1,0.6109,True,False,False,Geminal diol/triol
CC1OC(CO)O1,104.047344116,3,1,-0.30240000000000006,True,False,False,Geminal diol/triol
OC1CC(OO)C1,104.047344116,3,2,-0.0006999999999999784,True,False,True,
OC1OC(CO)C1,104.047344116,3,2,-0.9140000000000001,True,False,False,Geminal diol/triol
OC(O)OC1CC1,104.04734411599999,3,2,-0.5664000000000002,True,False,False,Geminal diol/triol
CC(C)OC1OO1,104.047344116,3,0,0.6567999999999999,True,False,False,Geminal diol/triol
CC(O)CC1OO1,104.047344116,3,1,0.04519999999999996,True,False,False,Geminal diol/triol
CC(O)OC1OC1,104.047344116,3,1,-0.3024,True,False,False,Geminal diol/triol
OC(O)CC1OC1,104.047344116,3,2,-0.9140000000000001,True,False,False,Geminal diol/triol
CC1OCOCO1,104.047344116,3,0,0.31079999999999997,True,False,False,Geminal diol/triol
OC1OCOCC1,104.04734411599999,3,1,-0.30079999999999996,True,False,False,Geminal diol/triol
OC1OCCCO1,104.047344116,3,1,-0.30079999999999996,True,False,False,Geminal diol/triol
CC1COOCO1,104.047344116,3,0,0.31079999999999997,True,False,False,Geminal diol/triol
CC1OOOCC1,104.047344116,3,0,0.6584,True,False,True,
CC1OOCCO1,104.047344116,3,0,0.31079999999999997,True,False,False,Geminal diol/triol
OC1COOCC1,104.047344116,3,1,-0.30079999999999996,True,False,True,
OC1COCCO1,104.047344116,3,1,-0.6484000000000001,True,False,False,Geminal diol/triol
OC1OOCCC1,104.04734411599999,3,1,0.04679999999999995,True,False,False,Geminal diol/triol
CC1COOOC1,104.047344116,3,0,0.5159,True,False,True,
CC1OOCOC1,104.047344116,3,0,0.31079999999999997,True,False,False,Geminal diol/triol
OC1COCOC1,104.047344116,3,1,-0.6484000000000001,True,False,False,Geminal diol/triol
CC1C(O)OCO1,104.047344116,3,1,-0.3024,True,False,False,Geminal diol/triol
OC1C(O)OCC1,104.047344116,3,2,-0.9140000000000001,True,False,False,Geminal diol/triol
CC1C(C)OOO1,104.047344116,3,0,0.6567999999999999,True,False,True,
CC1C(O)COO1,104.047344116,3,1,-0.3024,True,False,True,
OC1C(O)COC1,104.047344116,3,2,-1.2616,True,False,True,
CC1C(O)OOC1,104.047344116,3,1,-0.0973,True,False,False,Geminal diol/triol
OC1C(C)C(O)O1,104.047344116,3,2,-0.7105000000000001,True,False,False,Geminal diol/triol
CC1C(O)C(O)O1,104.047344116,3,2,-0.9156,True,False,False,Geminal diol/triol
OC1C(O)C(O)C1,104.047344116,3,3,-1.5272000000000003,True,False,True,
CCOC1OCO1,104.047344116,3,0,0.31079999999999997,True,False,False,Geminal diol/triol
OCCC1OCO1,104.047344116,3,1,-0.3008000000000002,True,False,False,Geminal diol/triol
OCOC1OCC1,104.04734411599999,3,1,-0.30079999999999996,True,False,False,Geminal diol/triol
CCCC1OOO1,104.047344116,3,0,1.006,True,False,False,Geminal diol/triol
CCOC1OOC1,104.047344116,3,0,0.31079999999999997,True,False,False,Geminal diol/triol
OCCC1OOC1,104.047344116,3,1,-0.3008000000000002,True,False,True,
OCOC1COC1,104.047344116,3,1,-0.6484000000000001,True,False,False,Geminal diol/triol
COCC1OCO1,104.047344116,3,0,-0.036799999999999944,True,False,False,Geminal diol/triol
COOC1OCC1,104.04734411599999,3,0,0.31079999999999997,True,False,False,Geminal diol/triol
OOCC1OCC1,104.04734411599999,3,1,0.2648999999999999,True,False,True,
OOOC1CCC1,104.04734411599999,3,1,0.9601,True,False,True,
COCC1OOC1,104.047344116,3,0,-0.036799999999999944,True,False,True,
COOC1COC1,104.047344116,3,0,-0.036799999999999944,True,False,True,
OOCC1COC1,104.047344116,3,1,0.12240000000000006,True,False,True,
OC1C(O1)OCC,104.047344116,3,1,-0.3024,True,False,False,Geminal diol/triol
OC1C(O1)CCO,104.047344116,3,2,-0.9140000000000001,True,False,False,Geminal diol/triol
CC1C(O1)OCO,104.047344116,3,1,-0.30240000000000006,True,False,False,Geminal diol/triol
OC1C(C1)OCO,104.047344116,3,2,-0.9140000000000001,True,False,False,Geminal diol/triol
OC1C(O1)COC,104.047344116,3,1,-0.6500000000000001,True,False,False,Geminal diol/triol
CC1C(O1)OOC,104.047344116,3,0,0.3091999999999999,True,False,False,Geminal diol/triol
OC1C(C1)OOC,104.047344116,3,1,-0.3024,True,False,True,
CC1C(O1)COO,104.047344116,3,1,0.2632999999999999,True,False,True,
OC1C(C1)COO,104.047344116,3,2,-0.14320000000000005,True,False,True,
CC1C(C1)OOO,104.047344116,3,1,0.8160000000000001,True,False,True,
OC(O)C1OCC1,104.04734411599999,3,2,-0.9140000000000001,True,False,False,Geminal diol/triol
CC(O)C1OCO1,104.047344116,3,1,-0.3024,True,False,False,Geminal diol/triol
OC(O)C1COC1,104.047344116,3,2,-1.0565000000000002,True,False,False,Geminal diol/triol
CC(O)C1OOC1,104.047344116,3,1,-0.3024,True,False,True,
CC(C)C1OOO1,104.047344116,3,0,0.8619,True,False,False,Geminal diol/triol
OC1C(O1)C(O)C,104.047344116,3,2,-0.9156000000000004,True,False,False,Geminal diol/triol
CC1C(O1)C(O)O,104.047344116,3,2,-0.9156000000000002,True,False,False,Geminal diol/triol
OC1C(C1)C(O)O,104.047344116,3,3,-1.3221,True,False,False,Geminal diol/triol
COC(OC)=CO,104.047344116,3,1,0.6361000000000001,True,False,False,"Geminal diol/triol, Enol"
COC(OC)C=O,104.047344116,3,0,-0.1958000000000002,True,False,False,Geminal diol/triol
CC=C(OC)OO,104.047344116,3,1,0.9837,True,False,False,"Geminal diol/triol, Enol"
C=CC(OC)OO,104.047344116,3,1,0.6345000000000001,True,False,False,Geminal diol/triol
COC(CO)=CO,104.047344116,3,2,0.024500000000000077,True,False,False,Enol
COC(CO)C=O,104.047344116,3,1,-0.8074000000000001,True,False,True,
CCC(=CO)OO,104.047344116,3,2,1.2854,True,False,False,Enol
CC=C(CO)OO,104.047344116,3,2,0.3721,True,False,False,Enol
CCC(C=O)OO,104.047344116,3,1,0.45349999999999996,True,False,True,
C=CC(CO)OO,104.047344116,3,2,0.02289999999999992,True,False,True,
OCC(CO)=CO,104.047344116,3,3,-0.5871,True,False,False,Enol
OCC(CO)C=O,104.047344116,3,2,-1.2139000000000002,True,False,True,
CCC1(OC)OO1,104.047344116,3,0,0.6584,True,False,False,Geminal diol/triol
COC1(OC)OC1,104.047344116,3,0,-0.036799999999999944,True,False,False,Geminal diol/triol
COC1(OO)CC1,104.047344116,3,1,0.6125,True,False,False,Geminal diol/triol
CCC1(CO)OO1,104.047344116,3,1,0.04680000000000001,True,False,False,Geminal diol/triol
COC1(CO)OC1,104.047344116,3,1,-0.6484000000000001,True,False,False,Geminal diol/triol
CCC1(OO)OC1,104.047344116,3,1,0.6125,True,False,False,Geminal diol/triol
OCC1(OO)CC1,104.047344116,3,2,0.0008999999999998454,True,False,True,
OCC1(CO)OC1,104.047344116,3,2,-1.2600000000000002,True,False,True,
COCC=COO,104.047344116,3,1,0.6361000000000001,True,False,False,Enol
COC=CCOO,104.047344116,3,1,0.6361000000000001,True,False,False,Enol
COCOC=CO,104.047344116,3,1,0.6361000000000001,True,False,False,"Geminal diol/triol, Enol"
COCOCC=O,104.047344116,3,0,-0.19419999999999993,True,False,False,Geminal diol/triol
CC=COCOO,104.047344116,3,1,0.9837,True,False,False,"Geminal diol/triol, Enol"
C=CCOCOO,104.047344116,3,1,0.6360999999999999,True,False,False,Geminal diol/triol
OCCC=COO,104.047344116,3,2,0.37209999999999993,True,False,False,Enol
OCC=CCOO,104.047344116,3,2,0.02449999999999991,True,False,True,
OC=CCCOO,104.047344116,3,2,0.9378,True,False,False,Enol
O=CCCCOO,104.047344116,3,1,0.4551,True,False,True,
OCCOC=CO,104.047344116,3,2,0.02449999999999991,True,False,False,Enol
OCCOCC=O,104.047344116,3,1,-0.8058000000000003,True,False,True,
COC=COOC,104.047344116,3,0,0.6819999999999999,True,False,False,Enol
COCOOC=C,104.047344116,3,0,0.682,True,False,False,"Geminal diol/triol, Enol"
CC=COOOC,104.047344116,3,0,1.0295999999999998,True,False,False,Enol
C=CCOOOC,104.047344116,3,0,0.6819999999999999,True,False,True,
OOC=COCC,104.04734411599999,3,1,0.9837,True,False,False,Enol
OOCCOC=C,104.04734411599999,3,1,0.6360999999999999,True,False,False,Enol
OCC=COOC,104.047344116,3,1,0.07040000000000002,True,False,False,Enol
OC=CCOOC,104.047344116,3,1,0.6360999999999999,True,False,False,Enol
O=CCCOOC,104.047344116,3,0,0.15339999999999998,True,False,True,
OC=COOCC,104.047344116,3,1,0.9837,True,False,False,Enol
OCCOOC=C,104.047344116,3,1,0.07040000000000002,True,False,False,Enol
O=CCOOCC,104.047344116,3,0,0.15339999999999998,True,False,True,
COC=COCO,104.047344116,3,1,0.07040000000000007,True,False,False,"Geminal diol/triol, Enol"
COCCOC=O,104.047344116,3,0,-0.19419999999999993,True,False,True,
CCC=COOO,104.047344116,3,1,1.3313000000000001,True,False,False,Enol
CC=CCOOO,104.047344116,3,1,0.9837,True,False,True,
C=CCCOOO,104.047344116,3,1,0.9837,True,False,True,
CC=COOCO,104.047344116,3,1,0.418,True,False,False,"Geminal diol/triol, Enol"
CCCOOC=O,104.047344116,3,0,0.501,True,False,True,
C=CCOOCO,104.047344116,3,1,0.07039999999999996,True,False,False,Geminal diol/triol
OCC=COCO,104.047344116,3,2,-0.5412000000000001,True,False,False,"Geminal diol/triol, Enol"
OC=CCOCO,104.047344116,3,2,0.024499999999999966,True,False,False,"Geminal diol/triol, Enol"
OCCCOC=O,104.047344116,3,1,-0.45820000000000016,True,False,True,
O=CCCOCO,104.047344116,3,1,-0.4581999999999999,True,False,False,Geminal diol/triol
C=COCOOC,104.047344116,3,0,0.6819999999999999,True,False,False,"Geminal diol/triol, Enol"
CCOOOC=C,104.047344116,3,0,1.0295999999999998,True,False,False,Enol
CCOCOC=O,104.047344116,3,0,0.15339999999999998,True,False,False,Geminal diol/triol
C=COCOCO,104.047344116,3,1,0.07039999999999996,True,False,False,"Geminal diol/triol, Enol"
OC1C(OC)OC1,104.047344116,3,1,-0.6500000000000001,True,False,False,Geminal diol/triol
CC1C(OO)OC1,104.047344116,3,1,0.4684,True,False,False,Geminal diol/triol
OC1C(OO)CC1,104.047344116,3,2,-0.0006999999999999784,True,False,True,
OC1C(CO)OC1,104.047344116,3,2,-1.2616,True,False,True,
CC1C(OC)OO1,104.047344116,3,0,0.3091999999999999,True,False,False,Geminal diol/triol
OC1C(OC)CO1,104.047344116,3,1,-0.6500000000000001,True,False,False,Geminal diol/triol
OC1C(CC)OO1,104.047344116,3,1,0.04519999999999991,True,False,False,Geminal diol/triol
CC1C(OO)CO1,104.047344116,3,1,0.2632999999999999,True,False,True,
CC1C(CO)OO1,104.047344116,3,1,-0.30240000000000006,True,False,True,
OC1C(CO)CO1,104.047344116,3,2,-1.0565,True,False,False,Geminal diol/triol
OCC1C(CO)O1,104.047344116,3,2,-1.2616,True,False,True,
COC1C(OC)O1,104.047344116,3,0,-0.03839999999999999,True,False,False,Geminal diol/triol
OOC1C(CC)O1,104.047344116,3,1,0.6109,True,False,False,Geminal diol/triol
COC1C(OO)C1,104.047344116,3,1,0.2632999999999999,True,False,True,
OOC1C(CO)C1,104.047344116,3,2,-0.14320000000000016,True,False,True,
COC1C(CO)O1,104.047344116,3,1,-0.6500000000000001,True,False,False,Geminal diol/triol
COC1OCCO1,104.047344116,3,0,-0.036799999999999944,True,False,False,Geminal diol/triol
OOC1OCCC1,104.04734411599999,3,1,0.6125,True,False,False,Geminal diol/triol
OCC1OCCO1,104.047344116,3,1,-0.6484000000000001,True,False,False,Geminal diol/triol
COC1COOC1,104.047344116,3,0,-0.036799999999999944,True,False,True,
COC1CCOO1,104.047344116,3,0,0.31079999999999997,True,False,False,Geminal diol/triol
CCC1OOOC1,104.047344116,3,0,0.6584,True,False,True,
COC1OCOC1,104.047344116,3,0,-0.036799999999999944,True,False,False,Geminal diol/triol
CCC1OCOO1,104.047344116,3,0,0.6584,True,False,False,Geminal diol/triol
OCC1COOC1,104.047344116,3,1,-0.4433,True,False,True,
OOC1CCOC1,104.047344116,3,1,0.2648999999999999,True,False,True,
OCC1CCOO1,104.047344116,3,1,-0.30079999999999996,True,False,True,
OCC1OCOC1,104.047344116,3,1,-0.6484000000000001,True,False,False,Geminal diol/triol
OCC(C)C1OO1,104.047344116,3,1,-0.09730000000000016,True,False,False,Geminal diol/triol
CCC(O)C1OO1,104.047344116,3,1,0.04519999999999996,True,False,False,Geminal diol/triol
OCC(O)C1OC1,104.047344116,3,2,-1.2616,True,False,True,
OOC(O)C1CC1,104.04734411599999,3,2,0.20440000000000003,True,False,False,Geminal diol/triol
COC(C)C1OO1,104.047344116,3,0,0.3091999999999999,True,False,False,Geminal diol/triol
OOC(C)C1OC1,104.047344116,3,1,0.2633000000000001,True,False,True,
COC(O)C1OC1,104.047344116,3,1,-0.6500000000000001,True,False,False,Geminal diol/triol
OOCOC1CC1,104.04734411599999,3,1,0.6125,True,False,False,Geminal diol/triol
COCCC1OO1,104.047344116,3,0,0.31079999999999997,True,False,False,Geminal diol/triol
COCOC1OC1,104.047344116,3,0,-0.036799999999999944,True,False,False,Geminal diol/triol
CCCOC1OO1,104.047344116,3,0,0.6584,True,False,False,Geminal diol/triol
OOCCC1OC1,104.047344116,3,1,0.2648999999999999,True,False,True,
OCCCC1OO1,104.047344116,3,1,0.04679999999999995,True,False,False,Geminal diol/triol
OCCOC1OC1,104.047344116,3,1,-0.6484000000000001,True,False,False,Geminal diol/triol
COOOC1CC1,104.04734411599999,3,0,0.6584,True,False,True,
OOOCC1CC1,104.04734411599999,3,1,0.8175999999999999,True,False,True,
OCOOC1CC1,104.04734411599999,3,1,0.04679999999999995,True,False,False,Geminal diol/triol
COOCC1OC1,104.047344116,3,0,-0.036799999999999944,True,False,True,
CCOCC1OO1,104.047344116,3,0,0.31079999999999997,True,False,False,Geminal diol/triol
CCOOC1OC1,104.047344116,3,0,0.31079999999999997,True,False,False,Geminal diol/triol
OCOCC1OC1,104.047344116,3,1,-0.6484000000000001,True,False,False,Geminal diol/triol
OC1C(C1O)OC,104.047344116,3,2,-1.2632000000000003,True,False,True,
CC1C(C1O)OO,104.047344116,3,2,-0.14480000000000004,True,False,True,
OC1C(C1O)CO,104.047344116,3,3,-1.6697,True,False,True,
C1OCCOOC1,104.047344116,3,0,-0.0351999999999999,True,False,True,
C1CCOOOC1,104.047344116,3,0,0.66,True,False,True,
C1CCOCOO1,104.047344116,3,0,0.3124,True,False,False,Geminal diol/triol
C1OCOCOC1,104.047344116,3,0,-0.0351999999999999,True,False,False,Geminal diol/triol
